instance,best_cost,n_customers,n_routes,time_s,out_json,out_png,total_load,avg_load,max_load,avg_route_dist,route_loads,route_dists
C101,2122.017531851843,100,24,0.19315576553344727,results/aco_repeats\baseline\repeat_1\C101_acs_result.json,results/aco_repeats\baseline\repeat_1\C101_acs_routes.png,1810,75.417,160,88.417,90;70;60;140;60;60;100;30;90;160;50;100;100;60;90;70;30;80;60;100;50;70;40;50,43.25;50.19;84.67;53.24;85.42;73.59;69.52;74.26;102.12;156.90;48.87;68.98;119.34;128.47;110.13;125.65;41.18;99.85;77.23;115.26;79.49;175.29;67.05;72.06
C102,1879.730808163649,100,21,0.2498161792755127,results/aco_repeats\baseline\repeat_1\C102_acs_result.json,results/aco_repeats\baseline\repeat_1\C102_acs_routes.png,1810,86.19,180,89.511,50;100;100;140;180;80;140;150;50;40;30;100;20;70;160;50;60;60;140;60;30,56.86;51.27;69.71;96.54;171.64;90.64;133.06;127.30;48.64;81.65;97.04;98.73;79.14;90.85;89.56;93.33;82.85;127.34;94.44;59.15;39.99
C103,1879.3845997710991,100,18,0.20917749404907227,results/aco_repeats\baseline\repeat_1\C103_acs_result.json,results/aco_repeats\baseline\repeat_1\C103_acs_routes.png,1810,100.556,200,104.41,110;190;150;200;100;140;80;90;150;170;120;80;70;40;50;10;40;20,72.89;71.16;67.60;100.32;94.25;128.18;114.44;126.30;175.18;195.22;119.54;136.84;82.76;102.42;91.37;76.16;73.77;50.99
C104,1350.6141066741045,99,14,0.2167530059814453,results/aco_repeats\baseline\repeat_1\C104_acs_result.json,results/aco_repeats\baseline\repeat_1\C104_acs_routes.png,1800,128.571,200,96.472,170;200;190;200;160;160;190;200;80;110;30;70;20;20,50.84;74.45;82.90;93.69;136.11;102.85;142.56;145.92;117.85;101.37;90.43;72.25;88.41;50.99
C105,2169.883682262192,100,24,0.1850752830505371,results/aco_repeats\baseline\repeat_1\C105_acs_result.json,results/aco_repeats\baseline\repeat_1\C105_acs_routes.png,1810,75.417,180,90.412,40;50;30;60;100;120;180;60;90;140;40;60;80;60;80;110;150;70;70;40;70;80;20;10,47.34;65.90;48.53;62.13;77.02;86.14;55.98;129.46;115.04;130.35;53.54;93.55;101.48;165.37;86.64;95.19;87.23;86.51;156.78;72.11;132.33;80.44;70.71;70.11
C106,1933.043714120267,100,19,0.19005036354064941,results/aco_repeats\baseline\repeat_1\C106_acs_result.json,results/aco_repeats\baseline\repeat_1\C106_acs_routes.png,1810,95.263,170,101.739,50;170;60;100;100;110;100;130;150;150;160;100;100;110;70;30;60;40;20,53.75;67.64;64.80;91.02;114.69;133.55;54.52;135.26;137.72;162.32;92.64;118.36;118.22;81.50;154.43;117.87;101.48;71.66;61.61
C107,2060.003886866368,100,20,0.19301557540893555,results/aco_repeats\baseline\repeat_1\C107_acs_result.json,results/aco_repeats\baseline\repeat_1\C107_acs_routes.png,1810,90.5,180,103.0,40;20;150;180;90;80;60;100;50;160;90;80;100;180;80;140;60;30;100;20,47.34;31.62;82.88;114.32;72.52;76.92;86.00;125.25;79.39;114.27;146.08;114.42;161.16;170.25;140.44;134.91;108.94;76.62;138.03;38.63
C108,1609.693146230401,100,16,0.17876219749450684,results/aco_repeats\baseline\repeat_1\C108_acs_result.json,results/aco_repeats\baseline\repeat_1\C108_acs_routes.png,1810,113.125,200,100.606,160;110;140;110;100;100;140;200;140;140;130;80;50;80;40;90,77.79;46.28;70.18;48.24;131.72;111.18;127.05;101.88;121.51;116.52;183.96;92.93;80.11;117.12;110.68;72.55
C109,1544.2183207305563,100,15,0.18881487846374512,results/aco_repeats\baseline\repeat_1\C109_acs_result.json,results/aco_repeats\baseline\repeat_1\C109_acs_routes.png,1810,120.667,200,102.948,140;40;80;200;200;130;110;90;190;140;190;100;70;70;60,66.07;57.04;61.81;97.53;113.05;85.26;148.19;134.61;115.73;141.71;100.62;131.52;82.26;109.11;99.73
C201,1664.8497713145387,100,13,0.18005847930908203,results/aco_repeats\baseline\repeat_1\C201_acs_result.json,results/aco_repeats\baseline\repeat_1\C201_acs_routes.png,1810,139.231,200,128.065,170;70;80;200;190;120;190;180;200;200;100;40;70,112.89;56.29;50.26;105.44;146.58;177.01;189.85;149.22;147.32;193.57;112.93;78.17;145.32
C202,1715.142690393946,100,13,0.2130298614501953,results/aco_repeats\baseline\repeat_1\C202_acs_result.json,results/aco_repeats\baseline\repeat_1\C202_acs_routes.png,1810,139.231,200,131.934,200;160;200;100;170;40;200;170;160;180;120;20;90,107.56;89.69;144.20;119.14;179.36;69.70;104.24;164.36;127.80;187.67;90.87;164.81;165.75
C203,1570.087497073821,100,12,0.20341920852661133,results/aco_repeats\baseline\repeat_1\C203_acs_result.json,results/aco_repeats\baseline\repeat_1\C203_acs_routes.png,1810,150.833,200,130.841,200;200;70;170;200;180;200;200;180;90;90;30,109.97;112.93;59.62;89.20;117.25;142.66;232.02;203.33;146.61;145.28;166.28;44.95
C204,1212.3213332780997,100,10,0.24004149436950684,results/aco_repeats\baseline\repeat_1\C204_acs_result.json,results/aco_repeats\baseline\repeat_1\C204_acs_routes.png,1810,181.0,200,121.232,200;200;200;150;160;200;200;160;200;140,103.25;112.86;117.55;107.93;74.46;155.41;115.46;146.13;110.24;169.03
C205,1440.4288733534192,100,12,0.2090015411376953,results/aco_repeats\baseline\repeat_1\C205_acs_result.json,results/aco_repeats\baseline\repeat_1\C205_acs_routes.png,1810,150.833,200,120.036,60;200;200;200;200;160;200;50;200;190;140;10,93.52;113.08;114.04;134.34;130.70;156.59;93.08;57.07;174.94;176.46;145.38;51.22
C206,1377.1464460369693,100,11,0.20957684516906738,results/aco_repeats\baseline\repeat_1\C206_acs_result.json,results/aco_repeats\baseline\repeat_1\C206_acs_routes.png,1810,164.545,200,125.195,110;200;200;200;200;200;110;200;190;100;100,107.16;104.43;155.42;85.79;99.63;174.24;130.89;147.47;176.19;84.13;111.80
C207,1363.398003426482,100,10,0.23377776145935059,results/aco_repeats\baseline\repeat_1\C207_acs_result.json,results/aco_repeats\baseline\repeat_1\C207_acs_routes.png,1810,181.0,200,136.34,200;200;190;200;200;200;170;180;150;120,144.27;96.19;141.12;194.24;113.70;169.66;139.07;148.56;120.35;96.25
C208,1088.955662280909,100,10,0.21483612060546875,results/aco_repeats\baseline\repeat_1\C208_acs_result.json,results/aco_repeats\baseline\repeat_1\C208_acs_routes.png,1810,181.0,200,108.896,200;200;200;180;200;200;200;200;200;30,128.36;106.92;88.50;81.38;111.85;98.28;113.91;139.70;125.19;94.87
R101,2521.505211636703,100,35,0.1874089241027832,results/aco_repeats\baseline\repeat_1\R101_acs_result.json,results/aco_repeats\baseline\repeat_1\R101_acs_routes.png,1458,41.657,99,72.043,60;35;38;15;99;43;38;48;57;40;79;21;47;56;47;42;57;14;33;74;39;19;39;28;36;37;43;30;29;47;27;82;19;35;5,40.85;30.08;37.38;44.39;89.97;50.15;52.46;51.62;57.66;62.80;109.11;64.01;81.66;54.78;70.23;82.37;76.86;70.10;49.07;81.10;55.19;83.87;88.45;112.79;58.03;104.96;55.64;87.86;69.88;91.98;65.02;112.62;95.87;99.89;82.80
R102,2265.114886613627,100,32,0.18889188766479492,results/aco_repeats\baseline\repeat_1\R102_acs_result.json,results/aco_repeats\baseline\repeat_1\R102_acs_routes.png,1458,45.562,136,70.785,43;56;33;122;54;41;136;65;60;75;8;34;67;70;9;46;62;61;33;19;34;33;25;56;28;23;31;31;24;37;22;20,44.93;46.90;31.51;54.29;45.96;49.08;95.85;51.19;56.06;74.41;67.61;96.51;85.33;107.07;63.25;66.34;88.73;100.78;89.40;52.87;78.07;88.88;94.69;96.43;43.98;51.11;79.92;61.64;70.77;55.17;76.53;99.86
R103,1940.3971304875195,100,26,0.18288469314575195,results/aco_repeats\baseline\repeat_1\R103_acs_result.json,results/aco_repeats\baseline\repeat_1\R103_acs_routes.png,1458,56.077,169,74.631,169;72;77;49;27;137;41;143;38;101;60;53;98;66;36;80;16;58;16;31;16;9;13;9;34;9,103.42;47.25;49.39;52.92;24.36;76.62;49.08;116.10;68.63;96.62;55.99;98.92;116.40;105.91;42.76;105.68;50.99;92.77;99.95;67.10;84.85;52.50;65.13;38.47;85.56;93.04
R104,1468.7291472651923,100,17,0.19353580474853516,results/aco_repeats\baseline\repeat_1\R104_acs_result.json,results/aco_repeats\baseline\repeat_1\R104_acs_routes.png,1458,85.765,196,86.396,60;153;159;196;196;93;68;72;92;98;80;22;69;21;18;54;7,66.25;91.31;83.54;102.48;66.55;87.93;49.59;114.90;112.08;90.90;113.21;73.03;107.59;83.96;84.85;91.92;48.66
R105,2106.155698006493,100,28,0.19331598281860352,results/aco_repeats\baseline\repeat_1\R105_acs_result.json,results/aco_repeats\baseline\repeat_1\R105_acs_routes.png,1458,52.071,101,75.22,49;88;34;56;75;15;40;38;50;101;8;92;83;76;43;92;97;61;42;19;83;52;44;37;35;19;21;8,53.91;102.27;49.23;79.54;53.33;18.00;49.12;63.22;56.30;84.50;74.54;117.27;84.74;83.22;61.37;73.81;92.21;78.62;124.47;64.82;92.02;119.05;93.64;66.26;63.03;95.87;50.99;60.83
R106,1986.0194157411352,100,25,0.18337750434875488,results/aco_repeats\baseline\repeat_1\R106_acs_result.json,results/aco_repeats\baseline\repeat_1\R106_acs_routes.png,1458,58.32,164,79.441,72;34;55;33;90;164;121;56;70;34;62;65;40;96;62;69;52;55;9;23;34;44;66;20;32,52.12;52.52;47.77;31.51;64.02;51.84;90.47;73.37;97.21;69.31;78.79;143.83;88.14;114.79;91.53;91.10;104.66;67.08;117.19;62.09;79.20;75.05;90.14;69.46;82.82
R107,1782.8741424076002,100,22,0.19138789176940918,results/aco_repeats\baseline\repeat_1\R107_acs_result.json,results/aco_repeats\baseline\repeat_1\R107_acs_routes.png,1458,66.273,192,81.04,124;39;114;192;51;100;106;38;71;65;28;84;51;114;76;54;49;32;16;31;5;18,73.70;36.63;76.38;65.63;51.67;83.11;74.04;51.75;102.96;130.41;80.00;115.78;111.81;109.83;95.11;91.92;67.18;65.59;84.85;67.94;82.80;63.78
R108,1385.8562297713722,100,16,0.19182825088500977,results/aco_repeats\baseline\repeat_1\R108_acs_result.json,results/aco_repeats\baseline\repeat_1\R108_acs_routes.png,1458,91.125,170,86.616,151;170;61;112;98;100;170;100;126;33;62;79;101;10;54;31,88.73;112.78;41.35;69.80;50.58;92.56;70.51;60.12;100.52;110.48;83.09;153.58;121.60;71.15;91.92;67.10
R109,1736.426174226234,100,21,0.1758439540863037,results/aco_repeats\baseline\repeat_1\R109_acs_result.json,results/aco_repeats\baseline\repeat_1\R109_acs_routes.png,1458,69.429,148,82.687,95;86;62;87;54;77;48;148;58;70;104;16;59;73;95;46;52;66;103;40;19,60.01;90.04;53.46;48.24;85.91;77.35;79.89;100.79;83.91;96.27;90.13;62.90;119.94;77.18;100.31;101.29;94.40;97.55;92.14;73.72;50.99
R110,1597.525858826621,100,18,0.1851341724395752,results/aco_repeats\baseline\repeat_1\R110_acs_result.json,results/aco_repeats\baseline\repeat_1\R110_acs_routes.png,1458,81.0,132,88.751,83;105;132;121;51;71;131;45;95;120;73;80;51;58;101;95;12;34,59.63;86.16;67.65;109.00;73.15;71.46;112.66;92.97;80.18;113.00;94.55;116.08;103.36;77.05;100.34;111.19;31.62;97.50
R111,1599.9512388104033,100,17,0.18738174438476562,results/aco_repeats\baseline\repeat_1\R111_acs_result.json,results/aco_repeats\baseline\repeat_1\R111_acs_routes.png,1458,85.765,148,94.115,148;55;92;117;130;128;97;106;88;108;85;61;51;77;54;18;43,69.97;83.76;55.86;96.04;77.66;91.70;110.50;124.87;109.62;107.94;81.93;110.02;142.71;76.76;91.92;63.78;104.91
R112,1265.3120757512409,100,14,0.2086470127105713,results/aco_repeats\baseline\repeat_1\R112_acs_result.json,results/aco_repeats\baseline\repeat_1\R112_acs_routes.png,1458,104.143,130,90.379,90;87;127;106;97;127;130;101;127;118;107;107;93;41,95.11;73.81;85.43;84.00;94.35;59.14;116.45;113.31;107.06;104.97;105.49;106.70;73.45;46.04
R201,1770.6543206982865,100,14,0.19102048873901367,results/aco_repeats\baseline\repeat_1\R201_acs_result.json,results/aco_repeats\baseline\repeat_1\R201_acs_routes.png,1458,104.143,167,126.475,146;64;106;87;148;167;131;91;113;102;68;109;96;30,115.21;117.09;132.62;88.66;142.14;169.61;109.33;119.34;107.88;139.74;104.65;129.70;173.92;120.76
R202,1669.234093361693,100,13,0.2006547451019287,results/aco_repeats\baseline\repeat_1\R202_acs_result.json,results/aco_repeats\baseline\repeat_1\R202_acs_routes.png,1458,112.154,200,128.403,146;199;200;196;103;89;127;30;150;85;85;38;10,79.58;96.90;223.35;171.66;167.55;65.73;177.17;87.86;131.14;152.03;91.93;154.49;69.86
R203,1456.3448773502296,100,10,0.23462533950805664,results/aco_repeats\baseline\repeat_1\R203_acs_result.json,results/aco_repeats\baseline\repeat_1\R203_acs_routes.png,1458,145.8,200,145.634,200;200;200;192;196;156;170;82;21;41,115.39;106.70;103.09;169.86;193.34;175.37;226.98;108.74;93.06;163.81
R204,1175.1252797596153,100,9,0.27080464363098145,results/aco_repeats\baseline\repeat_1\R204_acs_result.json,results/aco_repeats\baseline\repeat_1\R204_acs_routes.png,1458,162.0,200,130.569,179;174;200;200;199;196;197;82;31,85.51;108.19;70.95;171.71;215.21;177.01;145.57;133.87;67.10
R205,1400.1759065998947,100,9,0.258868932723999,results/aco_repeats\baseline\repeat_1\R205_acs_result.json,results/aco_repeats\baseline\repeat_1\R205_acs_routes.png,1458,162.0,199,155.575,167;178;165;199;173;195;181;86;114,148.94;156.57;138.59;210.43;151.99;107.33;176.24;148.70;161.40
R206,1363.2834384258058,100,9,0.2408745288848877,results/aco_repeats\baseline\repeat_1\R206_acs_result.json,results/aco_repeats\baseline\repeat_1\R206_acs_routes.png,1458,162.0,200,151.476,200;200;200;199;185;178;104;114;78,154.49;173.10;78.99;145.70;196.21;139.73;146.71;161.46;166.88
R207,1244.855063276258,100,9,0.25443434715270996,results/aco_repeats\baseline\repeat_1\R207_acs_result.json,results/aco_repeats\baseline\repeat_1\R207_acs_routes.png,1458,162.0,200,138.317,200;200;200;200;156;196;180;119;7,161.90;174.63;104.45;97.62;146.71;133.66;259.39;112.41;54.08
R208,1086.23124329573,100,8,0.282881498336792,results/aco_repeats\baseline\repeat_1\R208_acs_result.json,results/aco_repeats\baseline\repeat_1\R208_acs_routes.png,1458,182.25,199,135.779,199;199;199;183;199;198;185;96,122.62;118.77;107.94;122.39;137.45;156.26;172.23;148.57
R209,1283.6460900613426,100,8,0.2544517517089844,results/aco_repeats\baseline\repeat_1\R209_acs_result.json,results/aco_repeats\baseline\repeat_1\R209_acs_routes.png,1458,182.25,200,160.456,200;200;200;188;199;198;144;129,253.72;141.99;123.51;133.90;114.75;214.38;128.12;173.27
R210,1424.3431570192683,100,9,0.25569581985473633,results/aco_repeats\baseline\repeat_1\R210_acs_result.json,results/aco_repeats\baseline\repeat_1\R210_acs_routes.png,1458,162.0,200,158.26,159;194;199;196;131;200;198;135;46,133.49;228.66;93.79;124.40;132.18;159.34;252.93;142.50;157.06
R211,1158.4453107748259,100,8,0.2907834053039551,results/aco_repeats\baseline\repeat_1\R211_acs_result.json,results/aco_repeats\baseline\repeat_1\R211_acs_routes.png,1458,182.25,200,144.806,200;199;199;200;200;193;198;69,110.99;159.54;130.84;134.52;236.84;104.53;190.36;90.82
RC101,2447.6261313916825,100,26,0.18266963958740234,results/aco_repeats\baseline\repeat_1\RC101_acs_result.json,results/aco_repeats\baseline\repeat_1\RC101_acs_routes.png,1724,66.308,153,94.139,63;57;153;89;33;47;59;63;27;30;90;99;58;79;98;55;46;100;45;80;80;57;110;16;50;40,97.11;68.02;104.82;96.68;56.07;43.37;89.85;43.02;107.42;76.42;123.28;109.25;87.04;104.50;112.16;113.19;124.35;96.48;102.29;76.31;87.62;71.43;120.90;114.02;136.00;86.02
RC102,2462.2839953667158,100,25,0.18690109252929688,results/aco_repeats\baseline\repeat_1\RC102_acs_result.json,results/aco_repeats\baseline\repeat_1\RC102_acs_routes.png,1724,68.96,181,98.491,112;50;181;98;45;83;19;89;107;67;84;79;45;20;60;107;90;93;40;50;20;125;30;10;20,64.73;67.46;97.84;99.18;61.00;116.84;40.45;92.12;131.44;79.73;114.74;129.94;142.53;76.16;97.55;125.22;90.83;94.92;122.46;85.92;106.75;117.72;116.08;76.66;114.02
RC103,2048.3777668693438,100,22,0.19118309020996094,results/aco_repeats\baseline\repeat_1\RC103_acs_result.json,results/aco_repeats\baseline\repeat_1\RC103_acs_routes.png,1724,78.364,138,93.108,42;114;32;138;96;60;84;60;70;101;138;127;40;120;110;116;126;27;50;50;20;3,45.33;111.35;30.24;107.38;107.97;64.93;72.83;76.44;94.39;104.46;133.67;100.92;76.77;92.13;129.61;163.55;128.29;67.08;85.66;87.73;109.31;58.31
RC104,1760.0735788898203,100,17,0.2046513557434082,results/aco_repeats\baseline\repeat_1\RC104_acs_result.json,results/aco_repeats\baseline\repeat_1\RC104_acs_routes.png,1724,101.412,193,103.534,127;153;122;152;106;82;193;145;178;103;39;50;140;91;7;33;3,79.37;98.57;115.69;97.00;91.28;159.06;103.39;112.01;105.60;120.40;108.80;77.44;99.71;141.38;99.96;92.11;58.31
RC105,2427.8666602201924,100,26,0.18765926361083984,results/aco_repeats\baseline\repeat_1\RC105_acs_result.json,results/aco_repeats\baseline\repeat_1\RC105_acs_routes.png,1724,66.308,120,93.379,69;66;45;92;83;65;83;83;34;100;60;40;35;120;67;45;120;70;80;32;60;70;56;42;57;50,61.20;48.67;54.58;89.47;93.31;79.60;97.60;119.05;85.19;118.11;94.34;76.77;130.54;96.49;123.43;106.42;90.87;101.36;83.96;75.44;85.03;124.48;91.46;105.93;71.43;123.11
RC106,2053.5808272916706,100,21,0.20064830780029297,results/aco_repeats\baseline\repeat_1\RC106_acs_result.json,results/aco_repeats\baseline\repeat_1\RC106_acs_routes.png,1724,82.095,150,97.79,29;77;115;90;130;109;70;104;98;140;121;75;150;110;55;100;42;29;40;20;20,49.72;65.95;126.53;49.12;105.42;97.57;87.09;120.02;126.47;92.10;109.94;105.35;94.49;96.48;95.00;121.43;121.03;125.46;111.21;74.60;78.59
RC107,1831.3556572843518,100,17,0.18510127067565918,results/aco_repeats\baseline\repeat_1\RC107_acs_result.json,results/aco_repeats\baseline\repeat_1\RC107_acs_routes.png,1724,101.412,192,107.727,89;104;192;114;67;94;159;93;150;52;87;138;120;75;86;54;50,96.15;59.35;103.71;83.05;60.80;141.01;94.72;119.49;96.64;126.20;116.59;141.54;92.49;150.33;148.90;86.72;113.67
RC108,1516.5200396437374,100,14,0.19885993003845215,results/aco_repeats\baseline\repeat_1\RC108_acs_result.json,results/aco_repeats\baseline\repeat_1\RC108_acs_routes.png,1724,123.143,190,108.323,139;74;190;169;130;86;136;160;174;115;122;69;120;40,81.62;82.77;107.82;96.24;105.24;68.46;121.15;99.90;137.09;154.78;118.45;139.83;121.69;81.48
RC201,2036.5116660449135,100,13,0.19200587272644043,results/aco_repeats\baseline\repeat_1\RC201_acs_result.json,results/aco_repeats\baseline\repeat_1\RC201_acs_routes.png,1724,132.615,200,156.655,111;127;188;101;174;200;145;175;99;129;138;98;39,89.00;157.90;122.53;133.22;189.68;199.48;184.07;174.60;108.42;186.75;170.24;213.58;107.03
RC202,1944.902904666391,100,12,0.2048811912536621,results/aco_repeats\baseline\repeat_1\RC202_acs_result.json,results/aco_repeats\baseline\repeat_1\RC202_acs_routes.png,1724,143.667,198,162.075,147;197;173;198;175;126;90;160;120;135;116;87,93.62;203.80;146.87;225.63;205.02;121.60;105.34;167.74;173.65;126.89;179.21;195.53
RC203,1701.044477576077,100,12,0.2842097282409668,results/aco_repeats\baseline\repeat_1\RC203_acs_result.json,results/aco_repeats\baseline\repeat_1\RC203_acs_routes.png,1724,143.667,200,141.754,200;171;85;198;190;200;194;185;78;82;78;63,110.49;108.31;89.00;200.78;160.88;95.94;171.58;201.23;129.75;189.24;112.18;131.67
RC204,1378.2025565262502,100,9,0.24937939643859863,results/aco_repeats\baseline\repeat_1\RC204_acs_result.json,results/aco_repeats\baseline\repeat_1\RC204_acs_routes.png,1724,191.556,200,153.134,198;198;200;199;199;197;191;192;150,149.60;111.43;140.68;166.74;101.86;171.80;175.84;201.32;158.94
RC205,2113.309077130056,100,13,0.21990728378295898,results/aco_repeats\baseline\repeat_1\RC205_acs_result.json,results/aco_repeats\baseline\repeat_1\RC205_acs_routes.png,1724,132.615,199,162.562,78;148;132;170;106;178;199;148;189;93;53;120;110,79.59;174.23;190.67;172.55;131.09;140.26;209.60;143.72;177.87;135.98;140.15;201.63;215.96
RC206,1704.2886703634417,100,10,0.2270824909210205,results/aco_repeats\baseline\repeat_1\RC206_acs_result.json,results/aco_repeats\baseline\repeat_1\RC206_acs_routes.png,1724,172.4,199,170.429,198;118;196;193;186;196;199;183;157;98,191.57;126.88;147.01;163.96;199.85;141.97;194.51;170.62;167.79;200.12
RC207,1615.1843564151984,100,10,0.2224583625793457,results/aco_repeats\baseline\repeat_1\RC207_acs_result.json,results/aco_repeats\baseline\repeat_1\RC207_acs_routes.png,1724,172.4,199,161.518,177;197;195;182;199;191;191;190;152;50,168.85;124.72;180.91;171.20;145.89;96.28;187.43;185.50;273.09;81.32
RC208,1312.8123869618469,100,9,0.2413175106048584,results/aco_repeats\baseline\repeat_1\RC208_acs_result.json,results/aco_repeats\baseline\repeat_1\RC208_acs_routes.png,1724,191.556,200,145.868,200;199;196;199;197;200;198;181;154,155.35;105.39;200.77;96.69;152.39;97.81;198.00;130.28;176.14
